game_id,n_stints,negative_durations,zero_durations,bad_home_lineup_size,bad_away_lineup_size,total_seconds,boundary_issues,period_start_home_size_issues,period_start_away_size_issues,status,reason
0022400001,32,0,3,0,0,2880.0,0,0,0,success,
0022400002,39,0,3,0,0,3180.0,0,0,0,success,
0022400003,35,0,3,0,0,2880.0,0,0,0,success,
0022400004,34,0,3,0,0,2880.0,0,0,0,success,
0022400005,33,0,2,0,0,2880.0,0,0,0,success,
0022400006,31,0,3,0,0,2879.9999999999995,0,0,0,success,
0022400007,37,0,3,0,0,2880.0,0,0,0,success,
0022400008,33,0,3,0,0,2880.0,0,0,0,success,
0022400009,26,0,2,0,0,2880.0,0,0,0,success,
0022400010,32,0,2,0,0,2880.0,0,0,0,success,
0022400011,37,0,3,0,0,2880.0,0,0,0,success,
0022400012,29,0,3,0,0,2880.0,0,0,0,success,
0022400013,41,0,3,0,0,2880.0,0,0,0,success,
0022400014,31,0,3,0,0,2880.0,0,0,0,success,
0022400015,38,0,3,0,0,2880.0,0,0,0,success,
0022400016,29,0,3,0,0,2880.0,0,0,0,success,
0022400017,30,0,3,0,0,2880.0,0,0,0,success,
0022400018,36,0,3,0,0,2880.0,0,0,0,success,
0022400019,43,0,3,0,0,2880.0,0,0,0,success,
0022400020,35,0,4,0,0,3180.0,0,0,0,success,
0022400021,26,0,3,0,0,2880.0,0,0,0,success,
0022400022,41,0,2,0,0,2880.0,0,0,0,success,
0022400023,45,0,3,0,0,2880.0,0,0,0,success,
0022400024,32,0,3,0,0,2880.0,0,0,0,success,
0022400025,31,0,3,0,0,2880.0,0,0,0,success,
0022400026,34,0,3,0,0,2880.0,0,0,0,success,
0022400027,31,0,3,0,0,2880.0,0,0,0,success,
0022400028,36,0,3,0,0,2880.0,0,0,0,success,
0022400029,28,0,3,0,0,2880.0,0,0,0,success,
0022400030,30,0,3,0,0,2880.0,0,0,0,success,
0022400031,30,0,2,0,0,2880.0,0,0,0,success,
0022400032,40,0,3,0,0,2880.0,0,0,0,success,
0022400033,47,0,3,0,0,2880.0,0,0,0,success,
0022400034,30,0,3,0,0,2880.0,0,0,0,success,
0022400035,32,0,3,0,0,2880.0,0,0,0,success,
0022400036,35,0,3,0,0,2880.0,0,0,0,success,
0022400037,34,0,3,0,0,3180.0000000000005,0,0,0,success,
0022400038,30,0,3,0,0,2880.0,0,0,0,success,
0022400039,32,0,3,0,0,2880.0,0,0,0,success,
0022400040,32,0,3,0,0,2880.0,0,0,0,success,
0022400041,33,0,3,0,0,2880.0,0,0,0,success,
0022400042,37,0,3,0,0,2880.0,0,0,0,success,
0022400043,31,0,3,0,0,2880.0,0,0,0,success,
0022400044,26,0,3,0,0,2880.0,0,0,0,success,
0022400045,37,0,3,0,0,2879.9999999999995,0,0,0,success,
0022400046,37,0,3,0,0,2880.0,0,0,0,success,
0022400047,26,0,2,0,0,2880.0000000000005,0,0,0,success,
0022400048,31,0,3,0,0,2880.0,0,0,0,success,
0022400049,30,0,3,0,0,2880.0,0,0,0,success,
0022400050,31,0,3,0,0,2880.0,0,0,0,success,
0022400051,33,0,3,0,0,2880.0,0,0,0,success,
0022400052,37,0,3,0,0,2880.0,0,0,0,success,
0022400053,30,0,2,0,0,2880.0,0,0,0,success,
0022400054,36,0,3,0,0,2880.0,0,0,0,success,
0022400055,30,0,3,0,0,2880.0,0,0,0,success,
0022400056,45,0,3,0,0,2880.0,0,0,0,success,
0022400057,36,0,3,0,0,2879.9999999999995,0,0,0,success,
0022400058,38,0,3,0,0,2880.0,0,0,0,success,
0022400059,31,0,3,0,0,2880.0,0,0,0,success,
0022400060,32,0,3,0,0,2880.0,0,0,0,success,
0022400061,23,0,2,0,0,2880.0,0,0,0,success,
0022400062,34,0,3,0,0,2880.0,0,0,0,success,
0022400063,44,0,3,0,0,2880.0,0,0,0,success,
0022400064,33,0,2,0,0,2880.0,0,0,0,success,
0022400065,29,0,2,0,0,2880.0,0,0,0,success,
0022400066,39,0,3,0,0,2880.0,0,0,0,success,
0022400067,34,0,3,0,0,2880.0,0,0,0,success,
0022400068,41,0,3,0,0,2880.0,0,0,0,success,
0022400069,32,0,3,0,0,2880.0,0,0,0,success,
0022400070,44,0,3,0,0,2880.0,0,0,0,success,
0022400071,54,0,4,0,0,3180.0,0,0,0,success,
0022400072,40,0,3,0,0,2880.0,0,0,0,success,
0022400073,33,0,3,0,0,2880.0,0,0,0,success,
0022400074,39,0,3,0,0,2880.0,0,0,0,success,
0022400075,34,0,3,0,0,2880.0,0,0,0,success,
0022400076,39,0,3,0,0,2880.0000000000005,0,0,0,success,
0022400077,34,0,3,0,0,2880.0,0,0,0,success,
0022400078,45,0,3,0,0,2880.0,0,0,0,success,
0022400079,45,0,3,0,0,2880.0,0,0,0,success,
0022400080,39,0,3,0,0,2880.0,0,0,0,success,
0022400081,32,0,3,0,0,2880.0,0,0,0,success,
0022400082,42,0,3,0,0,2880.0,0,0,0,success,
0022400083,32,0,2,0,0,2880.0,0,0,0,success,
0022400084,31,0,3,0,0,2880.0,0,0,0,success,
0022400085,32,0,3,0,0,2880.0,0,0,0,success,
0022400086,35,0,3,0,0,2880.0,0,0,0,success,
0022400087,31,0,3,0,0,2880.0000000000005,0,0,0,success,
0022400088,37,0,3,0,0,2880.0,0,0,0,success,
0022400089,32,0,3,0,0,2880.0,0,0,0,success,
0022400090,31,0,3,0,0,2880.0,0,0,0,success,
0022400091,41,0,3,0,0,2880.0,0,0,0,success,
0022400092,41,0,3,0,0,2880.0,0,0,0,success,
0022400093,31,0,3,0,0,2880.0,0,0,0,success,
0022400094,35,0,3,0,0,2880.0,0,0,0,success,
0022400095,38,0,3,0,0,2880.0,0,0,0,success,
0022400096,35,0,3,0,0,2880.0,0,0,0,success,
0022400097,42,0,3,0,0,3180.0,0,0,0,success,
0022400098,30,0,3,0,0,2880.0,0,0,0,success,
0022400099,31,0,3,0,0,2880.0,0,0,0,success,
0022400100,31,0,3,0,0,2880.0,0,0,0,success,
0022400101,41,0,3,0,0,2880.0,0,0,0,success,
0022400102,37,0,3,0,0,2880.0,0,0,0,success,
0022400103,37,0,3,0,0,2880.0,0,0,0,success,
0022400104,37,0,3,0,0,2880.0,0,0,0,success,
0022400105,26,0,3,0,0,2880.0,0,0,0,success,
0022400106,43,0,3,0,0,2880.0,0,0,0,success,
0022400107,42,0,4,0,0,3180.0,0,0,0,success,
0022400108,41,0,3,0,0,2880.0,0,0,0,success,
0022400109,34,0,3,0,0,2880.0,0,0,0,success,
0022400110,33,0,3,0,0,2880.0,0,0,0,success,
0022400111,38,0,3,0,0,2880.0,0,0,0,success,
0022400112,42,0,3,0,0,2880.0,0,0,0,success,
0022400113,36,0,3,0,0,3180.0,0,0,0,success,
0022400114,35,0,3,0,0,2880.0,0,0,0,success,
0022400115,32,0,3,0,0,2880.0,0,0,0,success,
0022400116,32,0,3,0,0,2880.0,0,0,0,success,
0022400117,38,0,3,0,0,2880.0,0,0,0,success,
0022400118,32,0,3,0,0,2880.0,0,0,0,success,
0022400119,40,0,4,0,0,3180.0,0,0,0,success,
0022400120,32,0,3,0,0,2880.0,0,0,0,success,
0022400121,33,0,3,0,0,2880.0,0,0,0,success,
0022400122,27,0,3,0,0,2880.0,0,0,0,success,
0022400123,39,0,3,0,0,2879.9999999999995,0,0,0,success,
0022400124,50,0,3,0,0,2880.0,0,0,0,success,
0022400125,29,0,3,0,0,2880.0,0,0,0,success,
0022400126,33,0,3,0,0,2880.0,0,0,0,success,
0022400127,31,0,1,0,0,2880.0,0,0,0,success,
0022400128,39,0,3,0,0,2880.0,0,0,0,success,
0022400129,35,0,3,0,0,2880.0,0,0,0,success,
0022400130,31,0,3,0,0,2880.0,0,0,0,success,
0022400131,40,0,3,0,0,2880.0,0,0,0,success,
0022400132,33,0,3,0,0,2880.0,0,0,0,success,
0022400133,34,0,3,0,0,2880.0,0,0,0,success,
0022400134,28,0,2,0,0,2880.0,0,0,0,success,
0022400135,30,0,3,0,0,2880.0,0,0,0,success,
0022400136,29,0,3,0,0,2880.0,0,0,0,success,
0022400137,40,0,2,0,0,2880.0,0,0,0,success,
0022400138,29,0,3,0,0,2880.0,0,0,0,success,
0022400139,35,0,3,0,0,2880.0,0,0,0,success,
0022400140,34,0,3,0,0,2880.0,0,0,0,success,
0022400141,32,0,3,0,0,2880.0,0,0,0,success,
0022400142,33,0,3,0,0,2880.0,0,0,0,success,
0022400143,39,0,3,0,0,3180.0,0,0,0,success,
0022400144,43,0,4,0,0,3180.0,0,0,0,success,
0022400145,37,0,3,0,0,2880.0,0,0,0,success,
0022400146,36,0,3,0,0,2880.0,0,0,0,success,
0022400147,36,0,3,0,0,2880.0,0,0,0,success,
0022400148,33,0,3,0,0,2880.0,0,0,0,success,
0022400149,38,0,3,0,0,2880.0,0,0,0,success,
0022400150,33,0,3,0,0,2880.0,0,0,0,success,
0022400151,39,0,3,0,0,2880.0,0,0,0,success,
0022400152,34,0,3,0,0,2880.0,0,0,0,success,
0022400153,38,0,3,0,0,2880.0,0,0,0,success,
0022400154,33,0,3,0,0,2880.0,0,0,0,success,
0022400155,37,0,3,0,0,2880.0,0,0,0,success,
0022400156,31,0,3,0,0,2880.0,0,0,0,success,
0022400157,28,0,3,0,0,2880.0,0,0,0,success,
0022400158,39,0,3,0,0,2880.0,0,0,0,success,
0022400159,38,0,3,0,0,2880.0,0,0,0,success,
0022400160,41,0,3,0,0,2880.0,0,0,0,success,
0022400161,32,0,3,0,0,2880.0,0,0,0,success,
0022400162,31,0,3,0,0,2880.0,0,0,0,success,
0022400163,33,0,3,0,0,2880.0,0,0,0,success,
0022400164,28,0,3,0,0,2880.0,0,0,0,success,
0022400165,34,0,3,0,0,2880.0,0,0,0,success,
0022400166,36,0,3,0,0,2880.0,0,0,0,success,
0022400167,39,0,3,0,0,2880.0,0,0,0,success,
0022400168,31,0,3,0,0,2880.0,0,0,0,success,
0022400169,41,0,3,0,0,2880.0,0,0,0,success,
0022400170,35,0,1,0,0,2879.9999999999995,0,0,0,success,
0022400171,27,0,3,0,0,2880.0,0,0,0,success,
0022400172,34,0,3,0,0,2880.0,0,0,0,success,
0022400173,26,0,3,0,0,2880.0,0,0,0,success,
0022400174,33,0,3,0,0,2880.0,0,0,0,success,
0022400175,36,0,3,0,0,2880.0,0,0,0,success,
0022400176,37,0,3,0,0,2880.0,0,0,0,success,
0022400177,34,0,3,0,0,2880.0,0,0,0,success,
0022400178,35,0,3,0,0,2880.0000000000005,0,0,0,success,
0022400179,35,0,3,0,0,2880.0,0,0,0,success,
0022400180,32,0,3,0,0,2880.0,0,0,0,success,
0022400181,32,0,2,0,0,2880.0,0,0,0,success,
0022400182,29,0,3,0,0,2880.0,0,0,0,success,
0022400183,32,0,3,0,0,2880.0,0,0,0,success,
0022400184,40,0,3,0,0,2880.0,0,0,0,success,
0022400185,36,0,3,0,0,2880.0,0,0,0,success,
0022400186,29,0,3,0,0,2880.0,0,0,0,success,
0022400187,30,0,4,0,0,3180.0,0,0,0,success,
0022400188,28,0,3,0,0,2880.0,0,0,0,success,
0022400189,24,0,3,0,0,2880.0,0,0,0,success,
0022400190,39,0,3,0,0,2880.0,0,0,0,success,
0022400191,28,0,3,0,0,2880.0,0,0,0,success,
0022400192,29,0,3,0,0,2880.0,0,0,0,success,
0022400193,37,0,3,0,0,2880.0,0,0,0,success,
0022400194,32,0,3,0,0,2880.0,0,0,0,success,
0022400195,33,0,3,0,0,2880.0,0,0,0,success,
0022400196,31,0,3,0,0,2880.0,0,0,0,success,
0022400197,39,0,3,0,0,2879.9999999999995,0,0,0,success,
0022400198,34,0,3,0,0,2880.0,0,0,0,success,
0022400199,30,0,3,0,0,2880.0,0,0,0,success,
0022400200,39,0,3,0,0,2879.9999999999995,0,0,0,success,
0022400201,35,0,3,0,0,2879.9999999999995,0,0,0,success,
0022400202,25,0,3,0,0,2880.0,0,0,0,success,
0022400203,36,0,3,0,0,2880.0,0,0,0,success,
0022400204,26,0,3,0,0,2880.0,0,0,0,success,
0022400205,39,0,4,0,0,3180.0,0,0,0,success,
0022400206,36,0,3,0,0,2880.0,0,0,0,success,
0022400207,34,0,2,0,0,2880.0,0,0,0,success,
0022400208,29,0,3,0,0,2880.0,0,0,0,success,
0022400209,44,0,4,0,0,3180.0,0,0,0,success,
0022400210,33,0,3,0,0,2880.0,0,0,0,success,
0022400211,39,0,3,0,0,2880.0,0,0,0,success,
0022400212,35,0,3,0,0,2880.0,0,0,0,success,
0022400213,35,0,3,0,0,2880.0,0,0,0,success,
0022400214,35,0,3,0,0,2879.9999999999995,0,0,0,success,
0022400215,37,0,3,0,0,2880.0,0,0,0,success,
0022400216,31,0,3,0,0,2880.0,0,0,0,success,
0022400217,36,0,3,0,0,2880.0,0,0,0,success,
0022400218,31,0,3,0,0,2880.0,0,0,0,success,
0022400219,32,0,3,0,0,2880.0,0,0,0,success,
0022400220,29,0,3,0,0,2880.0,0,0,0,success,
0022400221,32,0,3,0,0,2880.0,0,0,0,success,
0022400222,29,0,3,0,0,2880.0,0,0,0,success,
0022400223,39,0,4,0,0,3180.0,0,0,0,success,
0022400224,35,0,3,0,0,2880.0,0,0,0,success,
0022400225,43,0,3,0,0,2880.0,0,0,0,success,
0022400226,33,0,3,0,0,2880.0,0,0,0,success,
0022400227,30,0,2,0,0,2880.0,0,0,0,success,
0022400228,37,0,3,0,0,2880.0,0,0,0,success,
0022400229,39,0,3,0,0,2880.0000000000005,0,0,0,success,
0022400230,34,0,4,0,0,3180.0,0,0,0,success,
0022400231,30,0,1,0,0,2880.0,0,0,0,success,
0022400232,40,0,3,0,0,2880.0,0,0,0,success,
0022400233,36,0,3,0,0,2880.0000000000005,0,0,0,success,
0022400234,37,0,3,0,0,2880.0,0,0,0,success,
0022400235,31,0,1,0,0,2880.0,0,0,0,success,
0022400236,39,0,4,0,0,2880.0,0,0,0,success,
0022400237,34,0,3,0,0,2880.0,0,0,0,success,
0022400238,36,0,3,0,0,2880.0,0,0,0,success,
0022400239,39,0,3,0,0,2880.0,0,0,0,success,
0022400240,34,0,2,0,0,2880.0,0,0,0,success,
0022400241,34,0,3,0,0,2880.0,0,0,0,success,
0022400242,44,0,3,0,0,2880.0000000000005,0,0,0,success,
0022400243,21,0,3,0,0,2880.0,0,0,0,success,
0022400244,36,0,3,0,0,2880.0,0,0,0,success,
0022400245,31,0,3,0,0,2880.0,0,0,0,success,
0022400246,28,0,3,0,0,2880.0,0,0,0,success,
0022400247,37,0,3,0,0,2880.0,0,0,0,success,
0022400248,32,0,3,0,0,2880.0,0,0,0,success,
0022400249,37,0,3,0,0,2880.0,0,0,0,success,
0022400250,30,0,3,0,0,2880.0,0,0,0,success,
0022400251,28,0,3,0,0,2880.0,0,0,0,success,
0022400252,28,0,3,0,0,2880.0,0,0,0,success,
0022400253,37,0,3,0,0,2880.0,0,0,0,success,
0022400254,35,0,3,0,0,2880.0,0,0,0,success,
0022400255,36,0,3,0,0,2880.0,0,0,0,success,
0022400256,40,0,3,0,0,2880.0,0,0,0,success,
0022400257,29,0,3,0,0,2880.0,0,0,0,success,
0022400258,28,0,3,0,0,2880.0,0,0,0,success,
0022400259,32,0,1,0,0,2880.0,0,0,0,success,
0022400260,44,0,4,0,0,3179.9999999999995,0,0,0,success,
0022400261,33,0,3,0,0,2880.0,0,0,0,success,
0022400262,36,0,3,0,0,2880.0,0,0,0,success,
0022400263,35,0,2,0,0,2880.0000000000005,0,0,0,success,
0022400264,29,0,2,0,0,2880.0,0,0,0,success,
0022400265,33,0,3,0,0,2880.0,0,0,0,success,
0022400266,41,0,3,0,0,2880.0,0,0,0,success,
0022400267,34,0,3,0,0,2880.0,0,0,0,success,
0022400268,30,0,3,0,0,2880.0,0,0,0,success,
0022400269,40,0,3,0,0,2880.0,0,0,0,success,
0022400270,31,0,3,0,0,2880.0,0,0,0,success,
0022400271,27,0,3,0,0,2880.0,0,0,0,success,
0022400272,33,0,3,0,0,2880.0,0,0,0,success,
0022400273,45,0,4,0,0,3180.0,0,0,0,success,
0022400274,31,0,2,0,0,2880.0,0,0,0,success,
0022400275,33,0,3,0,0,2880.0,0,0,0,success,
0022400276,38,0,3,0,0,2880.0,0,0,0,success,
0022400277,36,0,3,0,0,2880.0,0,0,0,success,
0022400278,41,0,3,0,0,2880.0,0,0,0,success,
0022400279,36,0,2,0,0,2880.0,0,0,0,success,
0022400280,31,0,3,0,0,2880.0,0,0,0,success,
0022400281,26,0,3,0,0,2880.0,0,0,0,success,
0022400282,38,0,3,0,0,2880.0,0,0,0,success,
0022400283,30,0,3,0,0,2880.0,0,0,0,success,
0022400284,28,0,3,0,0,2880.0,0,0,0,success,
0022400285,32,0,2,0,0,2880.0,0,0,0,success,
0022400286,35,0,3,0,0,2880.0,0,0,0,success,
0022400287,32,0,3,0,0,2880.0,0,0,0,success,
0022400288,32,0,3,0,0,2880.0,0,0,0,success,
0022400289,33,0,3,0,0,2880.0,0,0,0,success,
0022400290,39,0,4,0,0,3180.0,0,0,0,success,
0022400291,30,0,3,0,0,2880.0,0,0,0,success,
0022400292,30,0,3,0,0,2880.0,0,0,0,success,
0022400293,34,0,3,0,0,2880.0,0,0,0,success,
0022400294,39,0,3,0,0,2880.0,0,0,0,success,
0022400295,35,0,3,0,0,2880.0,0,0,0,success,
0022400296,34,0,3,0,0,2880.0,0,0,0,success,
0022400297,37,0,3,0,0,2880.0,0,0,0,success,
0022400298,26,0,3,0,0,2880.0,0,0,0,success,
0022400299,37,0,3,0,0,2879.999999999999,0,0,0,success,
0022400300,36,0,3,0,0,2880.0,0,0,0,success,
0022400301,36,0,2,0,0,2880.0,0,0,0,success,
0022400302,34,0,3,0,0,2880.0,0,0,0,success,
0022400303,33,0,3,0,0,2880.0,0,0,0,success,
0022400304,30,0,3,0,0,2880.0,0,0,0,success,
0022400305,38,0,2,0,0,2880.0,0,0,0,success,
0022400306,45,0,3,0,0,2880.0,0,0,0,success,
0022400307,35,0,3,0,0,2880.0,0,0,0,success,
0022400308,28,0,2,0,0,2880.0,0,0,0,success,
0022400309,32,0,3,0,0,2880.0,0,0,0,success,
0022400310,42,0,3,0,0,2880.0,0,0,0,success,
0022400311,33,0,3,0,0,2880.0,0,0,0,success,
0022400312,37,0,3,0,0,2880.0,0,0,0,success,
0022400313,33,0,3,0,0,2879.9999999999995,0,0,0,success,
0022400314,31,0,2,0,0,2880.0000000000005,0,0,0,success,
0022400315,30,0,3,0,0,2880.0,0,0,0,success,
0022400316,30,0,3,0,0,2880.0,0,0,0,success,
0022400317,37,0,3,0,0,2880.0,0,0,0,success,
0022400318,31,0,3,0,0,2880.0,0,0,0,success,
0022400319,35,0,3,0,0,2880.0,0,0,0,success,
0022400320,31,0,2,0,0,2880.0,0,0,0,success,
0022400321,25,0,3,0,0,2880.0,0,0,0,success,
0022400322,29,0,2,0,0,2880.0,0,0,0,success,
0022400323,35,0,2,0,0,2880.0,0,0,0,success,
0022400324,26,0,3,0,0,2880.0,0,0,0,success,
0022400325,25,0,3,0,0,2880.0,0,0,0,success,
0022400326,28,0,3,0,0,2880.0,0,0,0,success,
0022400327,28,0,3,0,0,2880.0,0,0,0,success,
0022400328,28,0,3,0,0,2880.0,0,0,0,success,
0022400329,36,0,3,0,0,2880.0,0,0,0,success,
0022400330,34,0,3,0,0,2880.0,0,0,0,success,
0022400331,42,0,3,0,0,2880.0,0,0,0,success,
0022400332,39,0,3,0,0,2880.0,0,0,0,success,
0022400333,32,0,3,0,0,2880.0,0,0,0,success,
0022400334,45,0,4,0,0,3180.0,0,0,0,success,
0022400335,27,0,3,0,0,2880.0000000000005,0,0,0,success,
0022400336,29,0,3,0,0,2880.0,0,0,0,success,
0022400337,30,0,3,0,0,2880.0,0,0,0,success,
0022400338,37,0,3,0,0,2880.0,0,0,0,success,
0022400339,23,0,3,0,0,2880.0,0,0,0,success,
0022400340,32,0,3,0,0,2880.0,0,0,0,success,
0022400341,28,0,2,0,0,2880.0,0,0,0,success,
0022400342,33,0,3,0,0,2880.0,0,0,0,success,
0022400343,32,0,3,0,0,2880.0,0,0,0,success,
0022400344,34,0,3,0,0,2880.0,0,0,0,success,
0022400345,34,0,3,0,0,2880.0,0,0,0,success,
0022400346,29,0,3,0,0,2880.0,0,0,0,success,
0022400347,35,0,3,0,0,2880.0,0,0,0,success,
0022400348,33,0,3,0,0,2880.0,0,0,0,success,
0022400349,41,0,3,0,0,2880.0,0,0,0,success,
0022400350,32,0,3,0,0,2880.0,0,0,0,success,
0022400351,34,0,3,0,0,2880.0,0,0,0,success,
0022400352,43,0,3,0,0,2879.9999999999995,0,0,0,success,
0022400353,31,0,3,0,0,2880.0,0,0,0,success,
0022400354,36,0,3,0,0,2880.0,0,0,0,success,
0022400355,35,0,3,0,0,2880.0,0,0,0,success,
0022400356,26,0,3,0,0,2880.0,0,0,0,success,
0022400357,29,0,3,0,0,2880.0,0,0,0,success,
0022400358,30,0,3,0,0,2880.0,0,0,0,success,
0022400359,36,0,3,0,0,2880.0,0,0,0,success,
0022400360,38,0,3,0,0,2880.0,0,0,0,success,
0022400361,33,0,3,0,0,2880.0,0,0,0,success,
0022400362,40,0,3,0,0,2880.0,0,0,0,success,
0022400363,32,0,3,0,0,2880.0,0,0,0,success,
0022400364,32,0,3,0,0,2880.0,0,0,0,success,
0022400365,34,0,3,0,0,2880.0,0,0,0,success,
0022400366,32,0,3,0,0,2880.0,0,0,0,success,
0022400367,26,0,3,0,0,2880.0,0,0,0,success,
0022400368,30,0,2,0,0,2880.0,0,0,0,success,
0022400369,29,0,3,0,0,2880.0,0,0,0,success,
0022400370,48,0,3,0,0,3180.0,0,0,0,success,
0022400371,27,0,3,0,0,2880.0,0,0,0,success,
0022400372,36,0,3,0,0,2880.0,0,0,0,success,
0022400373,33,0,3,0,0,2880.0,0,0,0,success,
0022400374,26,0,3,0,0,2880.0,0,0,0,success,
0022400375,30,0,3,0,0,2879.9999999999995,0,0,0,success,
0022400376,33,0,3,0,0,2880.0,0,0,0,success,
0022400377,41,0,3,0,0,2880.0,0,0,0,success,
0022400378,37,0,3,0,0,2880.0,0,0,0,success,
0022400379,31,0,3,0,0,2880.0,0,0,0,success,
0022400380,32,0,3,0,0,2880.0,0,0,0,success,
0022400381,32,0,3,0,0,2880.0,0,0,0,success,
0022400382,28,0,2,0,0,2880.0,0,0,0,success,
0022400383,37,0,3,0,0,2880.0,0,0,0,success,
0022400384,27,0,3,0,0,2880.0,0,0,0,success,
0022400385,34,0,3,0,0,2880.0,0,0,0,success,
0022400386,32,0,3,0,0,2880.0,0,0,0,success,
0022400387,31,0,3,0,0,2880.0,0,0,0,success,
0022400388,40,0,2,0,0,2880.0,0,0,0,success,
0022400389,32,0,3,0,0,2880.0,0,0,0,success,
0022400390,37,0,4,0,0,3180.0,0,0,0,success,
0022400391,31,0,3,0,0,2880.0,0,0,0,success,
0022400392,27,0,3,0,0,2880.0,0,0,0,success,
0022400393,30,0,3,0,0,2880.0,0,0,0,success,
0022400394,28,0,2,0,0,2880.0,0,0,0,success,
0022400395,34,0,2,0,0,2880.0,0,0,0,success,
0022400396,36,0,3,0,0,2880.0,0,0,0,success,
0022400397,32,0,3,0,0,2880.0,0,0,0,success,
0022400398,33,0,3,0,0,2880.0,0,0,0,success,
0022400399,34,0,3,0,0,2880.0,0,0,0,success,
0022400400,38,0,3,0,0,2880.0,0,0,0,success,
0022400401,35,0,3,0,0,2880.0,0,0,0,success,
0022400402,34,0,3,0,0,2880.0,0,0,0,success,
0022400403,37,0,3,0,0,2879.9999999999995,0,0,0,success,
0022400404,37,0,3,0,0,2879.9999999999995,0,0,0,success,
0022400405,28,0,3,0,0,2880.0,0,0,0,success,
0022400406,35,0,3,0,0,2880.0,0,0,0,success,
0022400407,30,0,3,0,0,2880.0,0,0,0,success,
0022400408,33,0,3,0,0,2880.0,0,0,0,success,
0022400409,24,0,3,0,0,2880.0,0,0,0,success,
0022400410,29,0,2,0,0,2880.0,0,0,0,success,
0022400411,32,0,2,0,0,2880.0,0,0,0,success,
0022400412,33,0,3,0,0,2880.0,0,0,0,success,
0022400413,29,0,3,0,0,2880.0,0,0,0,success,
0022400414,34,0,3,0,0,2880.0,0,0,0,success,
0022400415,35,0,3,0,0,2880.0,0,0,0,success,
0022400416,24,0,2,0,0,2880.0,0,0,0,success,
0022400417,29,0,3,0,0,2880.0,0,0,0,success,
0022400418,43,0,3,0,0,2879.9999999999995,0,0,0,success,
0022400419,35,0,3,0,0,2880.0,0,0,0,success,
0022400420,27,0,3,0,0,2880.0,0,0,0,success,
0022400421,28,0,3,0,0,2880.0,0,0,0,success,
0022400422,29,0,3,0,0,2880.0,0,0,0,success,
0022400423,36,0,3,0,0,2880.0,0,0,0,success,
0022400424,27,0,3,0,0,2880.0,0,0,0,success,
0022400425,33,0,3,0,0,2880.0,0,0,0,success,
0022400426,28,0,3,0,0,2880.0,0,0,0,success,
0022400427,32,0,3,0,0,2880.0,0,0,0,success,
0022400428,34,0,3,0,0,2880.0,0,0,0,success,
0022400429,30,0,3,0,0,3179.9999999999995,0,0,0,success,
0022400430,35,0,3,0,0,2880.0,0,0,0,success,
0022400431,32,0,3,0,0,2880.0,0,0,0,success,
0022400432,30,0,3,0,0,2880.0,0,0,0,success,
0022400433,33,0,3,0,0,2880.0,0,0,0,success,
0022400434,39,0,3,0,0,2880.0,0,0,0,success,
0022400435,33,0,3,0,0,2880.0,0,0,0,success,
0022400436,37,0,3,0,0,2880.0000000000005,0,0,0,success,
0022400437,31,0,3,0,0,2880.0,0,0,0,success,
0022400438,34,0,3,0,0,2880.0,0,0,0,success,
0022400439,33,0,3,0,0,2880.0,0,0,0,success,
0022400440,32,0,3,0,0,2880.0,0,0,0,success,
0022400441,30,0,3,0,0,2880.0,0,0,0,success,
0022400442,46,0,4,0,0,3180.0,0,0,0,success,
0022400443,29,0,3,0,0,2880.0,0,0,0,success,
0022400444,29,0,3,0,0,2880.0,0,0,0,success,
0022400445,25,0,3,0,0,2880.0,0,0,0,success,
0022400446,35,0,3,0,0,2880.0,0,0,0,success,
0022400447,31,0,3,0,0,2880.0,0,0,0,success,
0022400448,44,0,3,0,0,2880.0,0,0,0,success,
0022400449,28,0,3,0,0,2880.0,0,0,0,success,
0022400450,30,0,3,0,0,2880.0,0,0,0,success,
0022400451,26,0,3,0,0,2880.0,0,0,0,success,
0022400452,33,0,3,0,0,2880.0,0,0,0,success,
0022400453,41,0,3,0,0,2880.0,0,0,0,success,
0022400454,34,0,3,0,0,2880.0,0,0,0,success,
0022400455,36,0,2,0,0,2880.0,0,0,0,success,
0022400456,35,0,1,0,0,2880.0,0,0,0,success,
0022400457,25,0,3,0,0,2880.0,0,0,0,success,
0022400458,28,0,2,0,0,2880.0,0,0,0,success,
0022400459,38,0,3,0,0,2880.0,0,0,0,success,
0022400460,34,0,3,0,0,2880.0,0,0,0,success,
0022400461,34,0,3,0,0,2880.0,0,0,0,success,
0022400462,35,0,3,0,0,2880.0,0,0,0,success,
0022400463,28,0,3,0,0,2880.0,0,0,0,success,
0022400464,29,0,3,0,0,2880.0,0,0,0,success,
0022400465,39,0,3,0,0,2880.0,0,0,0,success,
0022400466,29,0,3,0,0,2880.0,0,0,0,success,
0022400467,24,0,3,0,0,2880.0,0,0,0,success,
0022400468,28,0,3,0,0,2880.0,0,0,0,success,
0022400469,41,0,3,0,0,2880.0000000000005,0,0,0,success,
0022400470,28,0,2,0,0,2880.0,0,0,0,success,
0022400471,29,0,3,0,0,2880.0,0,0,0,success,
0022400472,32,0,3,0,0,2880.0,0,0,0,success,
0022400473,26,0,3,0,0,2880.0,0,0,0,success,
0022400474,36,0,3,0,0,2880.0,0,0,0,success,
0022400475,28,0,3,0,0,2880.0,0,0,0,success,
0022400476,39,0,3,0,0,2879.9999999999995,0,0,0,success,
0022400477,28,0,3,0,0,2880.0,0,0,0,success,
0022400478,27,0,3,0,0,2880.0,0,0,0,success,
0022400479,33,0,3,0,0,2880.0,0,0,0,success,
0022400480,29,0,3,0,0,2880.0,0,0,0,success,
0022400481,30,0,3,0,0,2880.0,0,0,0,success,
0022400482,30,0,2,0,0,2880.0,0,0,0,success,
0022400483,23,0,1,0,0,2880.0,0,0,0,success,
0022400484,36,0,4,0,0,3180.0,0,0,0,success,
0022400485,34,0,3,0,0,2880.0,0,0,0,success,
0022400486,27,0,3,0,0,2880.0,0,0,0,success,
0022400487,29,0,3,0,0,2880.0,0,0,0,success,
0022400488,31,0,3,0,0,2880.0,0,0,0,success,
0022400489,32,0,3,0,0,2880.0,0,0,0,success,
0022400490,26,0,0,0,0,2880.0,0,0,0,success,
0022400491,38,0,3,0,0,2879.9999999999995,0,0,0,success,
0022400492,32,0,3,0,0,2880.0,0,0,0,success,
0022400493,30,0,2,0,0,2880.0,0,0,0,success,
0022400494,26,0,3,0,0,2880.0,0,0,0,success,
0022400495,35,0,3,0,0,2880.0,0,0,0,success,
0022400496,31,0,3,0,0,2880.0,0,0,0,success,
0022400497,30,0,3,0,0,2880.0,0,0,0,success,
0022400498,33,0,1,0,0,2880.0,0,0,0,success,
0022400499,43,0,3,0,0,2880.0,0,0,0,success,
0022400500,32,0,3,0,0,2880.0,0,0,0,success,
0022400501,36,0,5,0,0,3480.0,0,0,0,success,
0022400502,35,0,3,0,0,2880.0,0,0,0,success,
0022400503,29,0,3,0,0,2880.0,0,0,0,success,
0022400504,33,0,3,0,0,2880.0,0,0,0,success,
0022400505,33,0,3,0,0,2880.0,0,0,0,success,
0022400506,33,0,2,0,0,2880.0,0,0,0,success,
0022400507,30,0,3,0,0,2880.0,0,0,0,success,
0022400508,32,0,3,0,0,2880.0,0,0,0,success,
0022400509,35,0,2,0,0,2880.0,0,0,0,success,
0022400510,36,0,3,0,0,2880.0,0,0,0,success,
0022400511,39,0,3,0,0,2880.0,0,0,0,success,
0022400512,35,0,3,0,0,2880.0,0,0,0,success,
0022400513,29,0,3,0,0,2880.0,0,0,0,success,
0022400514,28,0,3,0,0,2880.0,0,0,0,success,
0022400515,31,0,2,0,0,2880.0,0,0,0,success,
0022400516,29,0,3,0,0,2880.0,0,0,0,success,
0022400517,33,0,3,0,0,2880.0,0,0,0,success,
0022400518,39,0,3,0,0,2880.0000000000005,0,0,0,success,
0022400519,29,0,3,0,0,2880.0,0,0,0,success,
0022400520,44,0,3,0,0,2879.9999999999995,0,0,0,success,
0022400521,35,0,3,0,0,2880.0,0,0,0,success,
0022400522,38,0,3,0,0,2880.0,0,0,0,success,
0022400523,23,0,3,0,0,2880.0000000000005,0,0,0,success,
0022400524,37,0,3,0,0,2880.0,0,0,0,success,
0022400525,33,0,3,0,0,2880.0,0,0,0,success,
0022400526,35,0,3,0,0,2880.0,0,0,0,success,
0022400527,30,0,3,0,0,2880.0,0,0,0,success,
0022400528,29,0,3,0,0,2880.0,0,0,0,success,
0022400529,29,0,3,0,0,2880.0,0,0,0,success,
0022400530,31,0,3,0,0,2880.0,0,0,0,success,
0022400531,39,0,3,0,0,2880.0,0,0,0,success,
0022400532,37,0,3,0,0,2880.0,0,0,0,success,
0022400533,33,0,3,0,0,2880.0,0,0,0,success,
0022400534,39,0,3,0,0,2880.0,0,0,0,success,
0022400535,38,0,3,0,0,2880.0,0,0,0,success,
0022400536,32,0,3,0,0,2880.0,0,0,0,success,
0022400537,31,0,3,0,0,2880.0,0,0,0,success,
0022400538,23,0,3,0,0,2880.0,0,0,0,success,
0022400539,33,0,3,0,0,2880.0,0,0,0,success,
0022400540,38,0,3,0,0,2880.0,0,0,0,success,
0022400541,36,0,2,0,0,2880.0,0,0,0,success,
0022400542,32,0,3,0,0,2880.0,0,0,0,success,
0022400543,35,0,3,0,0,2880.0,0,0,0,success,
0022400544,34,0,3,0,0,2880.0,0,0,0,success,
0022400545,29,0,3,0,0,2880.0,0,0,0,success,
0022400546,35,0,3,0,0,3180.0,0,0,0,success,
0022400547,39,0,3,0,0,2880.0,0,0,0,success,
0022400548,29,0,3,0,0,2880.0,0,0,0,success,
0022400549,40,0,3,0,0,2880.0,0,0,0,success,
0022400550,35,0,3,0,0,2880.0,0,0,0,success,
0022400551,40,0,3,0,0,2880.0,0,0,0,success,
0022400552,32,0,3,0,0,2880.0,0,0,0,success,
0022400553,23,0,3,0,0,2880.0,0,0,0,success,
0022400554,34,0,2,0,0,2880.0,0,0,0,success,
0022400555,34,0,3,0,0,2880.0,0,0,0,success,
0022400556,33,0,3,0,0,2880.0,0,0,0,success,
0022400557,36,0,3,0,0,2880.0,0,0,0,success,
0022400558,30,0,3,0,0,2880.0,0,0,0,success,
0022400559,30,0,3,0,0,2880.0,0,0,0,success,
0022400560,30,0,3,0,0,2880.0,0,0,0,success,
0022400561,30,0,3,0,0,3179.9999999999995,0,0,0,success,
0022400562,31,0,3,0,0,2880.0,0,0,0,success,
0022400563,38,0,3,0,0,2880.0,0,0,0,success,
0022400564,38,0,3,0,0,2880.0,0,0,0,success,
0022400565,43,0,3,0,0,2880.0,0,0,0,success,
0022400566,38,0,3,0,0,2880.0000000000005,0,0,0,success,
0022400567,30,0,3,0,0,2880.0,0,0,0,success,
0022400568,30,0,3,0,0,2880.0,0,0,0,success,
0022400569,32,0,3,0,0,2880.0,0,0,0,success,
0022400570,31,0,3,0,0,2880.0,0,0,0,success,
0022400571,29,0,3,0,0,2880.0,0,0,0,success,
0022400572,37,0,3,0,0,2880.0,0,0,0,success,
0022400573,39,0,3,0,0,2880.0,0,0,0,success,
0022400574,26,0,3,0,0,2880.0,0,0,0,success,
0022400575,27,0,2,0,0,2880.0,0,0,0,success,
0022400576,29,0,3,0,0,2880.0,0,0,0,success,
0022400577,29,0,3,0,0,2880.0,0,0,0,success,
0022400578,26,0,3,0,0,2880.0,0,0,0,success,
0022400579,25,0,3,0,0,2880.0,0,0,0,success,
0022400580,38,0,3,0,0,2880.0,0,0,0,success,
0022400581,38,0,3,0,0,2880.0,0,0,0,success,
0022400582,33,0,3,0,0,2880.0,0,0,0,success,
0022400583,43,0,3,0,0,2880.0,0,0,0,success,
0022400584,35,0,3,0,0,2879.9999999999995,0,0,0,success,
0022400585,35,0,3,0,0,2880.0,0,0,0,success,
0022400586,46,0,3,0,0,2880.0000000000005,0,0,0,success,
0022400587,43,0,4,0,0,3180.0000000000005,0,0,0,success,
0022400588,35,0,3,0,0,2880.0,0,0,0,success,
0022400589,39,0,3,0,0,2880.0,0,0,0,success,
0022400590,36,0,3,0,0,2880.0,0,0,0,success,
0022400591,34,0,3,0,0,2880.0,0,0,0,success,
0022400592,21,0,3,0,0,2880.0,0,0,0,success,
0022400593,28,0,3,0,0,2880.0,0,0,0,success,
0022400594,29,0,3,0,0,2880.0,0,0,0,success,
0022400595,31,0,3,0,0,2880.0,0,0,0,success,
0022400596,35,0,3,0,0,2880.0,0,0,0,success,
0022400597,33,0,3,0,0,2880.0,0,0,0,success,
0022400598,34,0,3,0,0,2880.0,0,0,0,success,
0022400599,35,0,3,0,0,2880.0,0,0,0,success,
0022400600,34,0,3,0,0,2879.9999999999995,0,0,0,success,
0022400601,42,0,3,0,0,2879.9999999999995,0,0,0,success,
0022400602,42,0,3,0,0,2880.0,0,0,0,success,
0022400603,30,0,3,0,0,2880.0,0,0,0,success,
0022400604,27,0,3,0,0,2880.0,0,0,0,success,
0022400605,41,0,4,0,0,3180.0,0,0,0,success,
0022400606,39,0,3,0,0,2880.0,0,0,0,success,
0022400607,26,0,2,0,0,2880.0,0,0,0,success,
0022400608,39,0,3,0,0,2880.0,0,0,0,success,
0022400609,25,0,3,0,0,2880.0,0,0,0,success,
0022400610,30,0,3,0,0,2880.0,0,0,0,success,
0022400611,31,0,3,0,0,2880.0,0,0,0,success,
0022400612,31,0,3,0,0,2880.0,0,0,0,success,
0022400613,30,0,3,0,0,2880.0,0,0,0,success,
0022400614,36,0,3,0,0,2880.0,0,0,0,success,
0022400615,29,0,2,0,0,2880.0,0,0,0,success,
0022400616,38,0,3,0,0,2880.0,0,0,0,success,
0022400617,24,0,2,0,0,2880.0,0,0,0,success,
0022400618,32,0,3,0,0,2880.0,0,0,0,success,
0022400619,35,0,3,0,0,2880.0000000000005,0,0,0,success,
0022400620,36,0,4,0,0,3180.0,0,0,0,success,
0022400621,32,0,3,0,0,2880.0,0,0,0,success,
0022400622,33,0,3,0,0,2880.0,0,0,0,success,
0022400623,30,0,2,0,0,2880.0,0,0,0,success,
0022400624,25,0,3,0,0,2880.0,0,0,0,success,
0022400625,42,0,3,0,0,2880.0,0,0,0,success,
0022400626,30,0,3,0,0,2880.0,0,0,0,success,
0022400627,25,0,3,0,0,2880.0,0,0,0,success,
0022400628,42,0,3,0,0,2880.0,0,0,0,success,
0022400629,29,0,2,0,0,2880.0,0,0,0,success,
0022400630,36,0,3,0,0,2880.0,0,0,0,success,
0022400631,36,0,3,0,0,2880.0,0,0,0,success,
0022400632,33,0,3,0,0,2880.0,0,0,0,success,
0022400633,32,0,3,0,0,2880.0,0,0,0,success,
0022400634,26,0,3,0,0,2880.0,0,0,0,success,
0022400635,36,0,3,0,0,2880.0,0,0,0,success,
0022400636,36,0,3,0,0,2879.9999999999995,0,0,0,success,
0022400637,28,0,3,0,0,2880.0,0,0,0,success,
0022400638,39,0,3,0,0,2880.0,0,0,0,success,
0022400639,36,0,3,0,0,2880.0,0,0,0,success,
0022400640,34,0,3,0,0,2880.0,0,0,0,success,
0022400641,37,0,3,0,0,2880.0,0,0,0,success,
0022400642,28,0,3,0,0,2880.0,0,0,0,success,
0022400643,31,0,3,0,0,2880.0,0,0,0,success,
0022400644,37,0,3,0,0,2880.0,0,0,0,success,
0022400645,27,0,3,0,0,2880.0,0,0,0,success,
0022400646,33,0,3,0,0,2880.0,0,0,0,success,
0022400647,35,0,3,0,0,2880.0,0,0,0,success,
0022400648,34,0,3,0,0,2880.0,0,0,0,success,
0022400649,33,0,2,0,0,2880.0,0,0,0,success,
0022400650,43,0,3,0,0,2880.0,0,0,0,success,
0022400651,46,0,3,0,0,2880.0,0,0,0,success,
0022400652,43,0,5,0,0,3480.0,0,0,0,success,
0022400653,35,0,3,0,0,2880.0,0,0,0,success,
0022400654,34,0,3,0,0,2880.0,0,0,0,success,
0022400655,29,0,3,0,0,2880.0,0,0,0,success,
0022400656,37,0,3,0,0,2880.0,0,0,0,success,
0022400657,22,0,3,0,0,2880.0,0,0,0,success,
0022400658,30,0,3,0,0,2880.0,0,0,0,success,
0022400659,35,0,3,0,0,2880.0,0,0,0,success,
0022400660,31,0,3,0,0,2880.0,0,0,0,success,
0022400661,33,0,3,0,0,2880.0,0,0,0,success,
0022400662,35,0,3,0,0,2880.0,0,0,0,success,
0022400663,33,0,3,0,0,2880.0,0,0,0,success,
0022400664,41,0,3,0,0,2880.0,0,0,0,success,
0022400665,34,0,3,0,0,2880.0,0,0,0,success,
0022400666,33,0,3,0,0,2880.0,0,0,0,success,
0022400667,26,0,3,0,0,2880.0,0,0,0,success,
0022400668,27,0,3,0,0,2880.0,0,0,0,success,
0022400669,27,0,3,0,0,2880.0,0,0,0,success,
0022400670,38,0,3,0,0,2880.0,0,0,0,success,
0022400671,32,0,3,0,0,2880.0,0,0,0,success,
0022400672,39,0,3,0,0,2880.0,0,0,0,success,
0022400673,38,0,3,0,0,2880.0,0,0,0,success,
0022400674,34,0,3,0,0,2880.0,0,0,0,success,
0022400675,29,0,2,0,0,2880.0,0,0,0,success,
0022400676,39,0,3,0,0,2880.0,0,0,0,success,
0022400677,29,0,3,0,0,2880.0,0,0,0,success,
0022400678,33,0,3,0,0,2880.0,0,0,0,success,
0022400679,33,0,3,0,0,2880.0,0,0,0,success,
0022400680,30,0,3,0,0,2880.0,0,0,0,success,
0022400681,23,0,2,0,0,2880.0,0,0,0,success,
0022400682,31,0,3,0,0,2880.0,0,0,0,success,
0022400683,34,0,3,0,0,2879.9999999999995,0,0,0,success,
0022400684,31,0,3,0,0,2880.0,0,0,0,success,
0022400685,30,0,3,0,0,2880.0,0,0,0,success,
0022400686,36,0,2,0,0,2880.0,0,0,0,success,
0022400687,32,0,3,0,0,2880.0,0,0,0,success,
0022400688,27,0,3,0,0,2880.0,0,0,0,success,
0022400689,32,0,3,0,0,2880.0,0,0,0,success,
0022400690,37,0,3,0,0,2880.0,0,0,0,success,
0022400691,34,0,3,0,0,2880.0,0,0,0,success,
0022400692,36,0,3,0,0,2880.0,0,0,0,success,
0022400693,33,0,3,0,0,2880.0,0,0,0,success,
0022400694,33,0,3,0,0,2880.0,0,0,0,success,
0022400695,34,0,3,0,0,2880.0,0,0,0,success,
0022400696,28,0,3,0,0,2880.0,0,0,0,success,
0022400697,33,0,3,0,0,2880.0,0,0,0,success,
0022400698,24,0,3,0,0,2880.0,0,0,0,success,
0022400699,37,0,3,0,0,2880.0,0,0,0,success,
0022400700,30,0,3,0,0,2880.0,0,0,0,success,
0022400701,36,0,3,0,0,2880.0,0,0,0,success,
0022400702,40,0,3,0,0,2880.0,0,0,0,success,
0022400703,40,0,3,0,0,2880.0,0,0,0,success,
0022400704,30,0,3,0,0,2879.9999999999995,0,0,0,success,
0022400705,24,0,3,0,0,2880.0,0,0,0,success,
0022400706,34,0,3,0,0,2880.0,0,0,0,success,
0022400707,32,0,3,0,0,2880.0,0,0,0,success,
0022400708,39,0,3,0,0,2880.0,0,0,0,success,
0022400709,38,0,4,0,0,3180.0,0,0,0,success,
0022400710,31,0,2,0,0,2879.9999999999995,0,0,0,success,
0022400711,39,0,3,0,0,2880.0,0,0,0,success,
0022400712,39,0,3,0,0,2880.0,0,0,0,success,
0022400713,37,0,3,0,0,2880.0000000000005,0,0,0,success,
0022400714,33,0,2,0,0,2880.0,0,0,0,success,
0022400715,32,0,3,0,0,2880.0,0,0,0,success,
0022400716,29,0,3,0,0,2880.0,0,0,0,success,
0022400717,29,0,3,0,0,2880.0,0,0,0,success,
0022400718,41,0,3,0,0,2880.0,0,0,0,success,
0022400719,37,0,3,0,0,2879.9999999999995,0,0,0,success,
0022400720,36,0,3,0,0,2880.0,0,0,0,success,
0022400721,28,0,3,0,0,2880.0,0,0,0,success,
0022400722,35,0,3,0,0,2880.0,0,0,0,success,
0022400723,33,0,2,0,0,2880.0,0,0,0,success,
0022400724,27,0,3,0,0,2880.0,0,0,0,success,
0022400725,39,0,3,0,0,2879.9999999999995,0,0,0,success,
0022400726,38,0,3,0,0,2880.0,0,0,0,success,
0022400727,33,0,3,0,0,2880.0,0,0,0,success,
0022400728,31,0,3,0,0,2880.0,0,0,0,success,
0022400729,36,0,3,0,0,2880.0,0,0,0,success,
0022400730,27,0,3,0,0,2880.0,0,0,0,success,
0022400731,45,0,3,0,0,2880.0,0,0,0,success,
0022400732,29,0,3,0,0,2880.0,0,0,0,success,
0022400733,29,0,3,0,0,2880.0,0,0,0,success,
0022400734,35,0,3,0,0,2880.0,0,0,0,success,
0022400735,38,0,3,0,0,2880.0,0,0,0,success,
0022400736,31,0,2,0,0,2880.0,0,0,0,success,
0022400737,33,0,3,0,0,2880.0,0,0,0,success,
0022400738,34,0,3,0,0,2880.0,0,0,0,success,
0022400739,32,0,3,0,0,2880.0,0,0,0,success,
0022400740,37,0,4,0,0,3180.0000000000005,0,0,0,success,
0022400741,40,0,3,0,0,2880.0,0,0,0,success,
0022400742,36,0,3,0,0,2880.0,0,0,0,success,
0022400743,27,0,3,0,0,2880.0,0,0,0,success,
0022400744,32,0,3,0,0,2880.0,0,0,0,success,
0022400745,38,0,3,0,0,2880.0,0,0,0,success,
0022400746,36,0,3,0,0,2880.0,0,0,0,success,
0022400747,32,0,3,0,0,2880.0,0,0,0,success,
0022400748,27,0,3,0,0,2880.0,0,0,0,success,
0022400749,30,0,3,0,0,2880.0,0,0,0,success,
0022400750,38,0,3,0,0,2880.0,0,0,0,success,
0022400751,33,0,3,0,0,2880.0,0,0,0,success,
0022400752,31,0,3,0,0,2880.0,0,0,0,success,
0022400753,31,0,3,0,0,2880.0,0,0,0,success,
0022400754,31,0,3,0,0,2880.0,0,0,0,success,
0022400755,31,0,3,0,0,2880.0,0,0,0,success,
0022400756,30,0,3,0,0,2880.0,0,0,0,success,
0022400757,33,0,3,0,0,2879.9999999999995,0,0,0,success,
0022400758,29,0,3,0,0,2880.0,0,0,0,success,
0022400759,23,0,3,0,0,2880.0,0,0,0,success,
0022400760,32,0,3,0,0,2880.0,0,0,0,success,
0022400761,30,0,3,0,0,2880.0,0,0,0,success,
0022400762,47,0,4,0,0,3180.0,0,0,0,success,
0022400763,33,0,3,0,0,2880.0,0,0,0,success,
0022400764,29,0,3,0,0,2880.0,0,0,0,success,
0022400765,37,0,3,0,0,2880.0,0,0,0,success,
0022400766,30,0,2,0,0,2880.0,0,0,0,success,
0022400767,31,0,3,0,0,2880.0,0,0,0,success,
0022400768,34,0,3,0,0,2880.0,0,0,0,success,
0022400769,26,0,3,0,0,2880.0,0,0,0,success,
0022400770,33,0,3,0,0,2880.0,0,0,0,success,
0022400771,36,0,3,0,0,3180.0,0,0,0,success,
0022400772,38,0,3,0,0,2880.0,0,0,0,success,
0022400773,40,0,4,0,0,3180.0,0,0,0,success,
0022400774,28,0,3,0,0,2880.0,0,0,0,success,
0022400775,39,0,3,0,0,2880.0,0,0,0,success,
0022400776,26,0,3,0,0,2880.0,0,0,0,success,
0022400777,32,0,3,0,0,2880.0,0,0,0,success,
0022400778,31,0,3,0,0,2880.0,0,0,0,success,
0022400779,31,0,3,0,0,2880.0,0,0,0,success,
0022400780,30,0,3,0,0,2880.0,0,0,0,success,
0022400781,32,0,3,0,0,2880.0,0,0,0,success,
0022400782,39,0,2,0,0,2879.9999999999995,0,0,0,success,
0022400783,36,0,3,0,0,2880.0,0,0,0,success,
0022400784,38,0,3,0,0,2880.0,0,0,0,success,
0022400785,30,0,3,0,0,3180.0,0,0,0,success,
0022400786,39,0,3,0,0,2880.0,0,0,0,success,
0022400787,28,0,3,0,0,2880.0,0,0,0,success,
0022400788,44,0,3,0,0,2880.0,0,0,0,success,
0022400789,28,0,3,0,0,2880.0,0,0,0,success,
0022400790,27,0,2,0,0,2880.0,0,0,0,success,
0022400791,34,0,3,0,0,2880.0,0,0,0,success,
0022400792,40,0,4,0,0,3180.0,0,0,0,success,
0022400793,34,0,3,0,0,2880.0,0,0,0,success,
0022400794,27,0,3,0,0,2880.0,0,0,0,success,
0022400795,30,0,3,0,0,2880.0,0,0,0,success,
0022400796,41,0,3,0,0,2880.0,0,0,0,success,
0022400797,29,0,3,0,0,2880.0,0,0,0,success,
0022400798,34,0,3,0,0,2880.0,0,0,0,success,
0022400799,33,0,3,0,0,2880.0,0,0,0,success,
0022400800,31,0,4,0,0,3180.0,0,0,0,success,
0022400801,40,0,3,0,0,2880.0,0,0,0,success,
0022400802,35,0,3,0,0,2880.0,0,0,0,success,
0022400803,38,0,3,0,0,2880.0,0,0,0,success,
0022400804,29,0,3,0,0,2880.0,0,0,0,success,
0022400805,40,0,3,0,0,2880.0,0,0,0,success,
0022400806,33,0,3,0,0,2880.0,0,0,0,success,
0022400807,29,0,3,0,0,2880.0,0,0,0,success,
0022400808,31,0,3,0,0,2880.0,0,0,0,success,
0022400809,30,0,3,0,0,2880.0,0,0,0,success,
0022400810,29,0,3,0,0,2880.0,0,0,0,success,
0022400811,25,0,3,0,0,2880.0,0,0,0,success,
0022400812,35,0,3,0,0,2880.0,0,0,0,success,
0022400813,36,0,3,0,0,2880.0,0,0,0,success,
0022400814,41,0,3,0,0,2880.0,0,0,0,success,
0022400815,37,0,3,0,0,2880.0,0,0,0,success,
0022400816,34,0,3,0,0,2880.0,0,0,0,success,
0022400817,37,0,3,0,0,2880.0,0,0,0,success,
0022400818,38,0,3,0,0,2880.0,0,0,0,success,
0022400819,49,0,3,0,0,2880.0,0,0,0,success,
0022400820,34,0,3,0,0,2880.0,0,0,0,success,
0022400821,35,0,3,0,0,2880.0,0,0,0,success,
0022400822,29,0,3,0,0,2880.0,0,0,0,success,
0022400823,36,0,3,0,0,2880.0,0,0,0,success,
0022400824,38,0,3,0,0,2880.0,0,0,0,success,
0022400825,26,0,3,0,0,2880.0,0,0,0,success,
0022400826,41,0,4,0,0,3180.0,0,0,0,success,
0022400827,34,0,3,0,0,2880.0,0,0,0,success,
0022400828,33,0,3,0,0,2880.0,0,0,0,success,
0022400829,33,0,2,0,0,2880.0,0,0,0,success,
0022400830,29,0,3,0,0,2880.0,0,0,0,success,
0022400831,30,0,3,0,0,2880.0,0,0,0,success,
0022400832,46,0,4,0,0,3180.0,0,0,0,success,
0022400833,37,0,3,0,0,2880.0,0,0,0,success,
0022400834,29,0,3,0,0,2880.0,0,0,0,success,
0022400835,30,0,3,0,0,2880.0,0,0,0,success,
0022400836,25,0,3,0,0,2880.0,0,0,0,success,
0022400837,35,0,3,0,0,2880.0,0,0,0,success,
0022400838,33,0,3,0,0,2880.0,0,0,0,success,
0022400839,41,0,3,0,0,2880.0,0,0,0,success,
0022400840,35,0,3,0,0,2880.0,0,0,0,success,
0022400841,33,0,3,0,0,2880.0,0,0,0,success,
0022400842,31,0,3,0,0,2880.0,0,0,0,success,
0022400843,30,0,3,0,0,2880.0,0,0,0,success,
0022400844,26,0,3,0,0,2880.0,0,0,0,success,
0022400845,34,0,3,0,0,2879.9999999999995,0,0,0,success,
0022400846,23,0,2,0,0,2880.0,0,0,0,success,
0022400847,36,0,3,0,0,2880.0,0,0,0,success,
0022400848,30,0,2,0,0,2879.9999999999995,0,0,0,success,
0022400849,40,0,3,0,0,2880.0,0,0,0,success,
0022400850,29,0,3,0,0,2880.0,0,0,0,success,
0022400851,34,0,3,0,0,2880.0,0,0,0,success,
0022400852,36,0,3,0,0,2880.0,0,0,0,success,
0022400853,32,0,3,0,0,2880.0,0,0,0,success,
0022400854,26,0,1,0,0,2880.0,0,0,0,success,
0022400855,38,0,2,0,0,3180.0,0,0,0,success,
0022400856,38,0,3,0,0,2880.0,0,0,0,success,
0022400857,32,0,3,0,0,2880.0,0,0,0,success,
0022400858,35,0,3,0,0,2880.0,0,0,0,success,
0022400859,36,0,3,0,0,2880.0000000000005,0,0,0,success,
0022400860,29,0,3,0,0,2880.0,0,0,0,success,
0022400861,37,0,3,0,0,2880.0,0,0,0,success,
0022400862,28,0,3,0,0,2880.0,0,0,0,success,
0022400863,30,0,3,0,0,2880.0,0,0,0,success,
0022400864,32,0,3,0,0,2880.0,0,0,0,success,
0022400865,30,0,3,0,0,2880.0,0,0,0,success,
0022400866,25,0,2,0,0,2880.0,0,0,0,success,
0022400867,43,0,3,0,0,3180.0,0,0,0,success,
0022400868,34,0,3,0,0,2880.0,0,0,0,success,
0022400869,33,0,4,0,0,3180.0,0,0,0,success,
0022400870,40,0,3,0,0,2880.0,0,0,0,success,
0022400871,32,0,3,0,0,2880.0,0,0,0,success,
0022400872,29,0,3,0,0,2880.0,0,0,0,success,
0022400873,34,0,3,0,0,2880.0,0,0,0,success,
0022400874,33,0,3,0,0,2880.0,0,0,0,success,
0022400875,34,0,3,0,0,2880.0,0,0,0,success,
0022400876,26,0,3,0,0,2880.0,0,0,0,success,
0022400877,29,0,3,0,0,2880.0,0,0,0,success,
0022400878,40,0,3,0,0,2880.0,0,0,0,success,
0022400879,26,0,3,0,0,2880.0,0,0,0,success,
0022400880,30,0,3,0,0,2880.0,0,0,0,success,
0022400881,32,0,3,0,0,2880.0,0,0,0,success,
0022400882,35,0,3,0,0,2880.0,0,0,0,success,
0022400883,40,0,2,0,0,2880.0,0,0,0,success,
0022400884,29,0,3,0,0,2880.0,0,0,0,success,
0022400885,29,0,3,0,0,2880.0,0,0,0,success,
0022400886,28,0,2,0,0,2880.0,0,0,0,success,
0022400887,33,0,3,0,0,2880.0,0,0,0,success,
0022400888,35,0,3,0,0,2880.0,0,0,0,success,
0022400889,31,0,3,0,0,2880.0,0,0,0,success,
0022400890,33,0,3,0,0,2880.0,0,0,0,success,
0022400891,31,0,3,0,0,2880.0,0,0,0,success,
0022400892,29,0,3,0,0,2880.0,0,0,0,success,
0022400893,36,0,3,0,0,2880.0,0,0,0,success,
0022400894,34,0,3,0,0,2879.9999999999995,0,0,0,success,
0022400895,33,0,3,0,0,2880.0,0,0,0,success,
0022400896,30,0,3,0,0,2880.0,0,0,0,success,
0022400897,27,0,3,0,0,2880.0,0,0,0,success,
0022400898,31,0,3,0,0,2880.0,0,0,0,success,
0022400899,39,0,3,0,0,2880.0,0,0,0,success,
0022400900,30,0,3,0,0,2880.0,0,0,0,success,
0022400901,38,0,3,0,0,2880.0,0,0,0,success,
0022400902,33,0,3,0,0,2880.0,0,0,0,success,
0022400903,41,0,3,0,0,3180.0,0,0,0,success,
0022400904,48,0,3,0,0,2880.0,0,0,0,success,
0022400905,36,0,3,0,0,2880.0,0,0,0,success,
0022400906,32,0,3,0,0,2880.0,0,0,0,success,
0022400907,42,0,3,0,0,2880.0,0,0,0,success,
0022400908,37,0,2,0,0,2880.0,0,0,0,success,
0022400909,32,0,4,0,0,3180.0,0,0,0,success,
0022400910,30,0,3,0,0,2880.0,0,0,0,success,
0022400911,27,0,3,0,0,2880.0,0,0,0,success,
0022400912,40,0,3,0,0,2880.0,0,0,0,success,
0022400913,25,0,2,0,0,2880.0,0,0,0,success,
0022400914,41,0,3,0,0,2880.0,0,0,0,success,
0022400915,37,0,3,0,0,2880.0,0,0,0,success,
0022400916,31,0,2,0,0,2880.0,0,0,0,success,
0022400917,32,0,3,0,0,2880.0,0,0,0,success,
0022400918,26,0,3,0,0,2880.0,0,0,0,success,
0022400919,47,0,3,0,0,2879.9999999999995,0,0,0,success,
0022400920,32,0,3,0,0,2880.0,0,0,0,success,
0022400921,31,0,3,0,0,2880.0,0,0,0,success,
0022400922,29,0,2,0,0,2880.0,0,0,0,success,
0022400923,38,0,3,0,0,2880.0000000000005,0,0,0,success,
0022400924,35,0,3,0,0,2880.0000000000005,0,0,0,success,
0022400925,30,0,3,0,0,2880.0,0,0,0,success,
0022400926,32,0,3,0,0,2880.0,0,0,0,success,
0022400927,39,0,4,0,0,3180.0,0,0,0,success,
0022400928,32,0,3,0,0,2880.0,0,0,0,success,
0022400929,23,0,2,0,0,2880.0,0,0,0,success,
0022400930,38,0,3,0,0,2879.9999999999995,0,0,0,success,
0022400931,38,0,2,0,0,2880.0,0,0,0,success,
0022400932,35,0,3,0,0,2880.0,0,0,0,success,
0022400933,37,0,3,0,0,2880.0,0,0,0,success,
0022400934,33,0,3,0,0,2880.0,0,0,0,success,
0022400935,41,0,3,0,0,2880.0,0,0,0,success,
0022400936,29,0,3,0,0,2880.0,0,0,0,success,
0022400937,33,0,3,0,0,2880.0,0,0,0,success,
0022400938,29,0,3,0,0,2880.0,0,0,0,success,
0022400939,31,0,3,0,0,2880.0,0,0,0,success,
0022400940,28,0,2,0,0,2880.0,0,0,0,success,
0022400941,25,0,2,0,0,2880.0,0,0,0,success,
0022400942,38,0,3,0,0,2880.0,0,0,0,success,
0022400943,30,0,3,0,0,2879.9999999999995,0,0,0,success,
0022400944,39,0,3,0,0,2880.0,0,0,0,success,
0022400945,36,0,3,0,0,2880.0,0,0,0,success,
0022400946,34,0,3,0,0,2880.0,0,0,0,success,
0022400947,31,0,3,0,0,2880.0,0,0,0,success,
0022400948,26,0,3,0,0,2880.0,0,0,0,success,
0022400949,36,0,3,0,0,2880.0,0,0,0,success,
0022400950,38,0,3,0,0,2880.0,0,0,0,success,
0022400951,35,0,3,0,0,2880.0,0,0,0,success,
0022400952,32,0,3,0,0,2880.0,0,0,0,success,
0022400953,36,0,3,0,0,3180.0,0,0,0,success,
0022400954,38,0,3,0,0,2880.0,0,0,0,success,
0022400955,37,0,3,0,0,2880.0,0,0,0,success,
0022400956,30,0,3,0,0,2880.0,0,0,0,success,
0022400957,30,0,3,0,0,2880.0,0,0,0,success,
0022400958,30,0,3,0,0,2880.0,0,0,0,success,
0022400959,34,0,1,0,0,2880.0,0,0,0,success,
0022400960,32,0,3,0,0,2880.0,0,0,0,success,
0022400961,31,0,3,0,0,2880.0,0,0,0,success,
0022400962,31,0,3,0,0,2880.0,0,0,0,success,
0022400963,40,0,3,0,0,2880.0,0,0,0,success,
0022400964,30,0,3,0,0,2880.0,0,0,0,success,
0022400965,32,0,3,0,0,2880.0,0,0,0,success,
0022400966,31,0,3,0,0,2880.0,0,0,0,success,
0022400967,35,0,3,0,0,2880.0,0,0,0,success,
0022400968,30,0,3,0,0,2880.0,0,0,0,success,
0022400969,37,0,3,0,0,2880.0,0,0,0,success,
0022400970,40,0,3,0,0,2880.0,0,0,0,success,
0022400971,29,0,3,0,0,2880.0,0,0,0,success,
0022400972,26,0,3,0,0,2880.0,0,0,0,success,
0022400973,35,0,3,0,0,2880.0,0,0,0,success,
0022400974,34,0,3,0,0,2880.0,0,0,0,success,
0022400975,29,0,3,0,0,2880.0,0,0,0,success,
0022400976,35,0,3,0,0,2880.0,0,0,0,success,
0022400977,38,0,3,0,0,2880.0,0,0,0,success,
0022400978,35,0,3,0,0,2880.0,0,0,0,success,
0022400979,31,0,2,0,0,2880.0,0,0,0,success,
0022400980,36,0,3,0,0,2880.0,0,0,0,success,
0022400981,30,0,3,0,0,2880.0,0,0,0,success,
0022400982,35,0,3,0,0,2880.0,0,0,0,success,
0022400983,25,0,3,0,0,2880.0,0,0,0,success,
0022400984,27,0,3,0,0,2880.0,0,0,0,success,
0022400985,38,0,4,0,0,3180.0000000000005,0,0,0,success,
0022400986,47,0,4,0,0,3180.0,0,0,0,success,
0022400987,39,0,3,0,0,2880.0,0,0,0,success,
0022400988,31,0,3,0,0,2880.0,0,0,0,success,
0022400989,34,0,3,0,0,2880.0,0,0,0,success,
0022400990,33,0,3,0,0,2880.0,0,0,0,success,
0022400991,34,0,3,0,0,2880.0,0,0,0,success,
0022400992,36,0,3,0,0,2880.0,0,0,0,success,
0022400993,33,0,3,0,0,2880.0,0,0,0,success,
0022400994,25,0,3,0,0,2880.0,0,0,0,success,
0022400995,28,0,3,0,0,2880.0,0,0,0,success,
0022400996,33,0,3,0,0,2880.0,0,0,0,success,
0022400997,30,0,3,0,0,2880.0,0,0,0,success,
0022400998,41,0,3,0,0,2879.9999999999995,0,0,0,success,
0022400999,30,0,3,0,0,2880.0,0,0,0,success,
0022401000,29,0,3,0,0,2880.0,0,0,0,success,
0022401001,37,0,3,0,0,2880.0,0,0,0,success,
0022401002,27,0,3,0,0,2880.0,0,0,0,success,
0022401003,32,0,3,0,0,2880.0,0,0,0,success,
0022401004,39,0,4,0,0,3179.9999999999995,0,0,0,success,
0022401005,36,0,3,0,0,2880.0,0,0,0,success,
0022401006,30,0,3,0,0,2880.0,0,0,0,success,
0022401007,36,0,3,0,0,2880.0,0,0,0,success,
0022401008,36,0,3,0,0,2880.0,0,0,0,success,
0022401009,30,0,3,0,0,2880.0,0,0,0,success,
0022401010,35,0,3,0,0,2880.0,0,0,0,success,
0022401011,35,0,3,0,0,3180.0,0,0,0,success,
0022401012,38,0,3,0,0,2880.0,0,0,0,success,
0022401013,38,0,3,0,0,2880.0,0,0,0,success,
0022401014,26,0,2,0,0,2880.0,0,0,0,success,
0022401015,32,0,3,0,0,2880.0,0,0,0,success,
0022401016,33,0,3,0,0,2880.0,0,0,0,success,
0022401017,28,0,3,0,0,2880.0,0,0,0,success,
0022401018,26,0,2,0,0,2880.0,0,0,0,success,
0022401019,36,0,3,0,0,2880.0,0,0,0,success,
0022401020,28,0,3,0,0,2880.0,0,0,0,success,
0022401021,28,0,3,0,0,2880.0,0,0,0,success,
0022401022,32,0,3,0,0,2880.0,0,0,0,success,
0022401023,38,0,3,0,0,2880.0,0,0,0,success,
0022401024,38,0,3,0,0,2880.0,0,0,0,success,
0022401025,30,0,3,0,0,2880.0,0,0,0,success,
0022401026,33,0,3,0,0,2880.0,0,0,0,success,
0022401027,29,0,3,0,0,2880.0,0,0,0,success,
0022401028,37,0,3,0,0,2880.0,0,0,0,success,
0022401029,43,0,3,0,0,2880.0,0,0,0,success,
0022401030,29,0,3,0,0,2880.0,0,0,0,success,
0022401031,30,0,3,0,0,2880.0,0,0,0,success,
0022401032,30,0,3,0,0,2880.0,0,0,0,success,
0022401033,28,0,3,0,0,2880.0,0,0,0,success,
0022401034,33,0,3,0,0,2880.0,0,0,0,success,
0022401035,42,0,3,0,0,2880.0000000000005,0,0,0,success,
0022401036,33,0,3,0,0,2880.0,0,0,0,success,
0022401037,33,0,3,0,0,2880.0,0,0,0,success,
0022401038,36,0,3,0,0,2880.0,0,0,0,success,
0022401039,32,0,3,0,0,2880.0,0,0,0,success,
0022401040,31,0,3,0,0,2880.0,0,0,0,success,
0022401041,32,0,2,0,0,2880.0,0,0,0,success,
0022401042,29,0,3,0,0,2880.0,0,0,0,success,
0022401043,35,0,3,0,0,2880.0,0,0,0,success,
0022401044,21,0,3,0,0,2880.0,0,0,0,success,
0022401045,31,0,3,0,0,2879.9999999999995,0,0,0,success,
0022401046,33,0,3,0,0,2880.0,0,0,0,success,
0022401047,33,0,3,0,0,2880.0,0,0,0,success,
0022401048,32,0,3,0,0,2880.0,0,0,0,success,
0022401049,35,0,3,0,0,2880.0,0,0,0,success,
0022401050,32,0,3,0,0,2880.0,0,0,0,success,
0022401051,30,0,3,0,0,2880.0,0,0,0,success,
0022401052,30,0,3,0,0,2880.0,0,0,0,success,
0022401053,31,0,2,0,0,2880.0,0,0,0,success,
0022401054,37,0,3,0,0,2880.0,0,0,0,success,
0022401055,35,0,3,0,0,2880.0,0,0,0,success,
0022401056,24,0,3,0,0,2880.0,0,0,0,success,
0022401057,33,0,3,0,0,2880.0,0,0,0,success,
0022401058,31,0,3,0,0,2880.0,0,0,0,success,
0022401059,28,0,3,0,0,2880.0,0,0,0,success,
0022401060,37,0,3,0,0,2880.0,0,0,0,success,
0022401061,29,0,2,0,0,2880.0,0,0,0,success,
0022401062,28,0,3,0,0,2880.0,0,0,0,success,
0022401063,32,0,3,0,0,2880.0,0,0,0,success,
0022401064,35,0,3,0,0,2880.0,0,0,0,success,
0022401065,32,0,3,0,0,2880.0,0,0,0,success,
0022401066,28,0,3,0,0,2880.0,0,0,0,success,
0022401067,35,0,2,0,0,2880.0,0,0,0,success,
0022401068,28,0,1,0,0,2880.0,0,0,0,success,
0022401069,33,0,3,0,0,2880.0,0,0,0,success,
0022401070,32,0,3,0,0,2880.0,0,0,0,success,
0022401071,29,0,3,0,0,2880.0,0,0,0,success,
0022401072,37,0,3,0,0,2880.0,0,0,0,success,
0022401073,31,0,3,0,0,2880.0,0,0,0,success,
0022401074,28,0,3,0,0,2880.0,0,0,0,success,
0022401075,23,0,1,0,0,2880.0,0,0,0,success,
0022401076,24,0,3,0,0,2880.0,0,0,0,success,
0022401077,37,0,3,0,0,2880.0,0,0,0,success,
0022401078,44,0,3,0,0,2880.0,0,0,0,success,
0022401079,32,0,3,0,0,2880.0,0,0,0,success,
0022401080,27,0,3,0,0,2880.0,0,0,0,success,
0022401081,29,0,3,0,0,2880.0,0,0,0,success,
0022401082,30,0,3,0,0,2880.0,0,0,0,success,
0022401083,34,0,3,0,0,2880.0,0,0,0,success,
0022401084,34,0,3,0,0,2880.0,0,0,0,success,
0022401085,34,0,3,0,0,2880.0,0,0,0,success,
0022401086,35,0,3,0,0,2880.0,0,0,0,success,
0022401087,29,0,3,0,0,2880.0,0,0,0,success,
0022401088,29,0,3,0,0,2880.0,0,0,0,success,
0022401089,29,0,3,0,0,2880.0,0,0,0,success,
0022401090,32,0,3,0,0,2880.0,0,0,0,success,
0022401091,33,0,3,0,0,2879.9999999999995,0,0,0,success,
0022401092,31,0,3,0,0,2880.0,0,0,0,success,
0022401093,32,0,3,0,0,2880.0,0,0,0,success,
0022401094,33,0,3,0,0,2880.0,0,0,0,success,
0022401095,32,0,3,0,0,2880.0,0,0,0,success,
0022401096,34,0,3,0,0,2880.0,0,0,0,success,
0022401097,38,0,3,0,0,2880.0,0,0,0,success,
0022401098,24,0,3,0,0,2880.0,0,0,0,success,
0022401099,29,0,3,0,0,2880.0,0,0,0,success,
0022401100,39,0,3,0,0,2880.0000000000005,0,0,0,success,
0022401101,38,0,3,0,0,2880.0,0,0,0,success,
0022401102,31,0,3,0,0,3480.0,0,0,0,success,
0022401103,32,0,3,0,0,2880.0,0,0,0,success,
0022401104,34,0,3,0,0,2880.0,0,0,0,success,
0022401105,25,0,3,0,0,2880.0,0,0,0,success,
0022401106,32,0,3,0,0,2880.0,0,0,0,success,
0022401107,31,0,3,0,0,2880.0,0,0,0,success,
0022401108,34,0,3,0,0,2880.0,0,0,0,success,
0022401109,42,0,3,0,0,2880.0000000000005,0,0,0,success,
0022401110,29,0,3,0,0,2880.0,0,0,0,success,
0022401111,22,0,2,0,0,2880.0,0,0,0,success,
0022401112,28,0,2,0,0,2880.0,0,0,0,success,
0022401113,31,0,3,0,0,2880.0,0,0,0,success,
0022401114,36,0,3,0,0,2880.0,0,0,0,success,
0022401115,38,0,2,0,0,2880.0,0,0,0,success,
0022401116,27,0,3,0,0,2880.0,0,0,0,success,
0022401117,39,0,3,0,0,2880.0,0,0,0,success,
0022401118,39,0,3,0,0,2880.0,0,0,0,success,
0022401119,36,0,3,0,0,2880.0,0,0,0,success,
0022401120,26,0,3,0,0,2880.0,0,0,0,success,
0022401121,32,0,2,0,0,2880.0,0,0,0,success,
0022401122,32,0,3,0,0,2880.0,0,0,0,success,
0022401123,32,0,3,0,0,2880.0,0,0,0,success,
0022401124,27,0,2,0,0,2880.0,0,0,0,success,
0022401125,32,0,3,0,0,2880.0,0,0,0,success,
0022401126,38,0,2,0,0,2880.0,0,0,0,success,
0022401127,33,0,3,0,0,2880.0,0,0,0,success,
0022401128,29,0,3,0,0,2880.0,0,0,0,success,
0022401129,36,0,3,0,0,2880.0,0,0,0,success,
0022401130,30,0,3,0,0,2880.0,0,0,0,success,
0022401131,34,0,4,0,0,3180.0,0,0,0,success,
0022401132,29,0,3,0,0,2880.0,0,0,0,success,
0022401133,38,0,3,0,0,2880.0,0,0,0,success,
0022401134,24,0,3,0,0,2880.0,0,0,0,success,
0022401135,34,0,3,0,0,2880.0,0,0,0,success,
0022401136,31,0,3,0,0,2880.0,0,0,0,success,
0022401137,24,0,3,0,0,2880.0,0,0,0,success,
0022401138,27,0,3,0,0,2880.0,0,0,0,success,
0022401139,38,0,3,0,0,2880.0,0,0,0,success,
0022401140,32,0,3,0,0,2880.0,0,0,0,success,
0022401141,30,0,3,0,0,2880.0,0,0,0,success,
0022401142,30,0,3,0,0,2880.0,0,0,0,success,
0022401143,36,0,3,0,0,2880.0,0,0,0,success,
0022401144,32,0,3,0,0,2880.0,0,0,0,success,
0022401145,32,0,3,0,0,2880.0,0,0,0,success,
0022401146,32,0,3,0,0,2880.0,0,0,0,success,
0022401147,29,0,2,0,0,2880.0,0,0,0,success,
0022401148,28,0,3,0,0,2880.0,0,0,0,success,
0022401149,32,0,3,0,0,2880.0,0,0,0,success,
0022401150,31,0,3,0,0,2880.0,0,0,0,success,
0022401151,32,0,4,0,0,3180.0,0,0,0,success,
0022401152,30,0,3,0,0,2880.0,0,0,0,success,
0022401153,38,0,3,0,0,2880.0,0,0,0,success,
0022401154,28,0,3,0,0,2880.0,0,0,0,success,
0022401155,29,0,3,0,0,2880.0,0,0,0,success,
0022401156,24,0,3,0,0,2880.0,0,0,0,success,
0022401157,30,0,3,0,0,2880.0,0,0,0,success,
0022401158,26,0,3,0,0,2880.0,0,0,0,success,
0022401159,34,0,3,0,0,2880.0,0,0,0,success,
0022401160,35,0,3,0,0,2880.0000000000005,0,0,0,success,
0022401161,24,0,2,0,0,2880.0,0,0,0,success,
0022401162,28,0,4,0,0,3180.0,0,0,0,success,
0022401163,32,0,3,0,0,2880.0,0,0,0,success,
0022401164,29,0,3,0,0,2880.0,0,0,0,success,
0022401165,21,0,2,0,0,2880.0,0,0,0,success,
0022401166,27,0,3,0,0,2880.0,0,0,0,success,
0022401167,34,0,2,0,0,2880.0,0,0,0,success,
0022401168,29,0,3,0,0,2880.0,0,0,0,success,
0022401169,25,0,3,0,0,2880.0,0,0,0,success,
0022401170,41,0,3,0,0,2880.0,0,0,0,success,
0022401171,32,0,3,0,0,2880.0,0,0,0,success,
0022401172,31,0,3,0,0,2880.0,0,0,0,success,
0022401173,33,0,3,0,0,2880.0,0,0,0,success,
0022401174,22,0,3,0,0,2880.0,0,0,0,success,
0022401175,28,0,3,0,0,2880.0,0,0,0,success,
0022401176,33,0,2,0,0,2880.0,0,0,0,success,
0022401177,27,0,3,0,0,2880.0,0,0,0,success,
0022401178,29,0,3,0,0,2880.0,0,0,0,success,
0022401179,31,0,3,0,0,2880.0,0,0,0,success,
0022401180,38,0,3,0,0,2880.0,0,0,0,success,
0022401181,27,0,3,0,0,2880.0,0,0,0,success,
0022401182,25,0,3,0,0,2880.0,0,0,0,success,
0022401183,26,0,3,0,0,2880.0,0,0,0,success,
0022401184,33,0,3,0,0,2879.9999999999995,0,0,0,success,
0022401185,36,0,3,0,0,2880.0,0,0,0,success,
0022401186,22,0,3,0,0,2880.0,0,0,0,success,
0022401187,24,0,3,0,0,2880.0,0,0,0,success,
0022401188,31,0,3,0,0,2880.0,0,0,0,success,
0022401189,36,0,3,0,0,3480.0,0,0,0,success,
0022401190,19,0,2,0,0,2880.0,0,0,0,success,
0022401191,24,0,3,0,0,2880.0,0,0,0,success,
0022401192,25,0,3,0,0,3180.0,0,0,0,success,
0022401193,27,0,3,0,0,2880.0,0,0,0,success,
0022401194,34,0,3,0,0,2880.0,0,0,0,success,
0022401195,28,0,3,0,0,2880.0,0,0,0,success,
0022401196,35,0,3,0,0,2880.0,0,0,0,success,
0022401197,32,0,3,0,0,2880.0,0,0,0,success,
0022401198,36,0,4,0,0,3180.0,0,0,0,success,
0022401199,26,0,3,0,0,2880.0,0,0,0,success,
0022401200,30,0,3,0,0,2880.0,0,0,0,success,
0022401201,30,0,3,0,0,2880.0,0,0,0,success,
0022401202,28,0,3,0,0,2880.0,0,0,0,success,
0022401203,32,0,3,0,0,2880.0,0,0,0,success,
0022401204,33,0,3,0,0,2880.0,0,0,0,success,
0022401205,26,0,3,0,0,2880.0,0,0,0,success,
0022401206,32,0,3,0,0,2880.0,0,0,0,success,
0022401207,30,0,3,0,0,2880.0,0,0,0,success,
0022401208,36,0,3,0,0,2880.0,0,0,0,success,
0022401209,29,0,2,0,0,2880.0,0,0,0,success,
0022401210,33,0,3,0,0,2880.0,0,0,0,success,
0022401211,37,0,3,0,0,2880.0,0,0,0,success,
0022401212,40,0,3,0,0,2880.0,0,0,0,success,
0022401213,32,0,3,0,0,2880.0,0,0,0,success,
0022401214,34,0,3,0,0,2880.0,0,0,0,success,
0022401215,35,0,3,0,0,2880.0,0,0,0,success,
0022401216,36,0,3,0,0,2880.0,0,0,0,success,
0022401217,25,0,2,0,0,2880.0,0,0,0,success,
0022401218,31,0,3,0,0,2880.0,0,0,0,success,
0022401219,33,0,3,0,0,2880.0,0,0,0,success,
0022401220,39,0,3,0,0,2880.0,0,0,0,success,
0022401221,48,0,4,0,0,3180.0,0,0,0,success,
0022401222,39,0,3,0,0,2880.0,0,0,0,success,
0022401223,39,0,3,0,0,2880.0,0,0,0,success,
0022401224,35,0,3,0,0,2880.0,0,0,0,success,
0022401225,40,0,3,0,0,2880.0,0,0,0,success,
0022401226,25,0,3,0,0,2880.0,0,0,0,success,
0022401227,32,0,2,0,0,2880.0,0,0,0,success,
0022401228,36,0,3,0,0,2880.0,0,0,0,success,
0022401229,36,0,3,0,0,2880.0,0,0,0,success,
0022401230,36,0,3,0,0,2880.0,0,0,0,success,
